[{"id":"5c17b15d4f6dc891c0055d0f","name":"maxi","enable":1,"monitors":[{"name":"fila 1","height":300,"width":1000,"offsetX":20,"offsetY":50,"alwaysOnTop":false,"backgroundColor":"#4d48b6","polygon":"","monitors":[{"name":"slot 1","height":150,"width":300,"offsetX":0,"offsetY":0,"backgroundColor":"#1a58bc","polygon":"","monitors":[],"defaultTimeslotId":null,"id":"5c263b3e66e569c430c0f6c2"},{"name":"slot 2","height":150,"width":300,"offsetX":300,"offsetY":0,"backgroundColor":"#d01f1f","polygon":"","monitors":[],"defaultTimeslotId":null,"id":"5c263b6367a87ba2ed489e8b"},{"name":"slot 3","height":150,"width":300,"offsetX":600,"offsetY":0,"backgroundColor":"#000000","polygon":"","monitors":[],"defaultTimeslotId":null,"id":"5c263ba950964ab024d06084"},{"name":"slot 4","height":300,"width":1000,"offsetX":0,"offsetY":0,"backgroundColor":"#58ca4f","polygon":"900px 0px, 1000px 0px, 1000px 150px, 900px 150px","monitors":[],"defaultTimeslotId":null,"id":"5c263ecfb0b7aa423dca91e5"}],"defaultTimeslotId":null,"id":"5c17b153e018b8627abd7882"}]},{"id":"5c263bb3b6797c4ae4164971","name":"test","enable":0,"monitors":[]}]