[{"name":"fdsdsa","status":"idle","context":"standard","loop":false,"currentIndex":0,"timeslots":[{"name":"minotti","status":"idle","context":"standard","duration":"4","rotation":"rotation-loop","currentTime":0,"binds":[],"virtualMonitorReference":{"monitorId":"5c17b153e018b8627abd7882","virtualMonitorId":"5c17b15d4f6dc891c0055d0f","name":"Monitor 1"},"resources":[{"location":{"name":"5c1e60ee7e92cf588241bb9d.mp4","path":"storage/resource/5c1e60ee7e92cf588241bb9d"},"size":1102824,"type":"video/mp4","name":"minotti","tags":[],"duration":3.797333,"dimension":{"height":352,"width":640},"lastModified":1545494698976,"id":"5c1e60ee7e92cf588241bb9d"},{"location":{"name":"5c1e6193a203331d121cd5c8.mp3","path":"storage/resource/5c1e6193a203331d121cd5c8"},"size":63036,"type":"audio/mp3","name":"pinaaaaaaa","tags":[],"duration":null,"lastModified":1545494903654,"id":"5c1e6193a203331d121cd5c8"}],"dataReferences":[],"tags":[],"filters":{"blur":"","brightness":"","contrast":"","grayscale":"","hueRotate":"","invert":"","opacity":"","saturate":"","sepia":"","dropShadow":""},"id":"5c1e61b6e070a25a335edf2c"}],"binds":[],"id":"5c25ef85259b8821022c42b0"}]