[{"location":{"name":"5c17ddf74eca01f43ef79437.png","path":"storage/resource/5c17ddf74eca01f43ef79437"},"size":572,"type":"image/png","name":"qwertyuiop","tags":[],"dimension":{"width":16,"height":16},"lastModified":1544608367056,"id":"5c17ddf74eca01f43ef79437"},{"location":{"name":"5c17df1d2ca83705ab450949.png","path":"storage/resource/5c17df1d2ca83705ab450949"},"size":1439415,"type":"image/png","name":"wetuiof","tags":["suc","coglione","cazzo"],"dimension":{"width":5760,"height":1222},"lastModified":1543585435483,"id":"5c17df1d2ca83705ab450949"},{"location":{"name":"5c1e60ee7e92cf588241bb9d.mp4","path":"storage/resource/5c1e60ee7e92cf588241bb9d"},"size":1102824,"type":"video/mp4","name":"minotti","tags":[],"duration":3.797333,"dimension":{"height":352,"width":640},"lastModified":1545494698976,"id":"5c1e60ee7e92cf588241bb9d"},{"location":{"name":"5c1e6193a203331d121cd5c8.mp3","path":"storage/resource/5c1e6193a203331d121cd5c8"},"size":63036,"type":"audio/mp3","name":"pinaaaaaaa","tags":[],"duration":null,"lastModified":1545494903654,"id":"5c1e6193a203331d121cd5c8"}]